Event,Discipline
Men,3x3 Basketball
Women,3x3 Basketball
Men's Team,Archery
Mixed Team,Archery
Women's Team,Archery
Women's Team,Artistic Gymnastics
Men's Team,Artistic Gymnastics
Duet,Artistic Swimming
Team,Artistic Swimming
Women's 4 x 400m Relay,Athletics
4 x 400m Relay Mixed,Athletics
Men's 4 x 400m Relay,Athletics
Men's 4 x 100m Relay,Athletics
Women's 4 x 100m Relay,Athletics
Men,Baseball
Women,Baseball
Men,Basketball
Women,Basketball
Men,Beach Volleyball
Men's Madison,Cycling Track
Men's Team Pursuit,Cycling Track
Men's Team Sprint,Cycling Track
Women's Madison,Cycling Track
Women's Team Pursuit,Cycling Track
Women's Team Sprint,Cycling Track
Men's Foil Team,Fencing
Women's Foil Team,Fencing
Men's Sabre Team,Fencing
Women's Épée Team,Fencing
Men's Épée Team,Fencing
Women's Sabre Team,Fencing
Men's Foil Team,Fencing
Men,Football
Women,Football
Women,Handball
Men,Handball
Men,Hockey
Women,Hockey
Group All-Around,Rhythmic Gymnastics
Men,Rugby Sevens
Women,Rugby Sevens
Men's 4 x 100m Freestyle Relay,Swimming
Men's 4 x 100m Medley Relay,Swimming
Men's 4 x 200m Freestyle Relay,Swimming
Mixed 4 x 100m Medley Relay,Swimming
Women's 4 x 100m Freestyle Relay,Swimming
Women's 4 x 100m Medley Relay,Swimming
Women's 4 x 200m Freestyle Relay,Swimming
Men's Team,Table Tennis
Women's Team,Table Tennis
Mixed Doubles,Table Tennis
Mixed Relay,Triathlon
Men,Volleyball
Women,Volleyball
Men,Water Polo
Women,Water Polo